filename,sha256,size_bytes,timestamp
"02-Identification/evidence/enum4linux_10.10.10.15_20251027_1027.txt","043f05e28204136c4f5f30bfc049ffd5246a7c517ad5cb2cef127f77c6fa035c","1070","2025-10-27 10:31:25.611423667 -0400"
"02-Identification/evidence/evidence_manifest_20251027_1027.sha256","1606475a9db8f42feb816aa2aa6b923625b0ac72b31485663628ef1769ced7e6","1047","2025-10-27 10:31:47.762494778 -0400"
"02-Identification/evidence/evidence_manifest_20251027_1114.csv","da1a6f26bd66bee309ce6c35881722ff88f74530580dfbc398b0c35410126595","399","2025-10-27 11:14:09.601651480 -0400"
"02-Identification/evidence/gobuster_10.10.10.15_20251027_1015.txt","e3b0c44298fc1c149afbf4c8996fb92427ae41e4649b934ca495991b7852b855","0","2025-10-27 10:17:58.187873292 -0400"
"02-Identification/evidence/gobuster_10.10.10.15_20251027_1027.txt","e3b0c44298fc1c149afbf4c8996fb92427ae41e4649b934ca495991b7852b855","0","2025-10-27 10:30:12.334799995 -0400"
"02-Identification/evidence/nikto_10.10.10.15_20251027_1027.txt","49b345eba7c2261f95250ba520b1f16ce59eb430007f4a95df546e94fbf246be","16","2025-10-27 10:29:12.997143046 -0400"
"02-Identification/evidence/nmap_full_10.10.10.15_20251027_1015.txt","99b86a3afc68802e20fc2569a630792c55daea47d2b8c33b9e2721df22406bef","283","2025-10-27 10:17:22.530051504 -0400"
"02-Identification/evidence/nmap_full_10.10.10.15_20251027_1027.txt","15eac76e2f0f44f318e84b2f7287d9609b8f8d5c2885d33c8bb47db8d2a8aae6","283","2025-10-27 10:28:32.749027026 -0400"
"02-Identification/evidence/nmap_ping_sweep_20251027_1015.txt","d8b53f861a2db23853b2086eb550256a3377a8b8ab699fae0da92112fd5534f9","312","2025-10-27 10:16:23.096346540 -0400"
"02-Identification/evidence/nmap_ping_sweep_20251027_1027.txt","90e8d3b3b5c23dc54933ac4498f0b4a646b82757eeb2a1f4374157bd979ab30e","312","2025-10-27 10:27:45.773548677 -0400"
"screenshots/enum4linux_10.10.10.15_20251027_1027.png","1292a38546931f87ef7fb1f3203e08b18fdd88b74542b4c849c733fbb5e72300","131118","2025-10-27 10:31:25.851543680 -0400"
"screenshots/gobuster_10.10.10.15_20251027_1027.png","ce43daabd4ce3238df341dd871abdc72d7867fe0923cccc87f659fff8ae7f428","366176","2025-10-27 10:30:15.868566172 -0400"
"screenshots/nikto_10.10.10.15_20251027_1027.png","3ffd9fcc1bbc58987135dc4270e2bb1f6f1d5921184424fdc5b8c0e0b2a3e8c7","385310","2025-10-27 10:29:13.453371069 -0400"
"screenshots/nmap_full_10.10.10.15_20251027_1027.png","6225196de721aab7d25d07f8f782f4640d6ceea99bfeba40d528737eba0b43fe","182026","2025-10-27 10:28:33.145225043 -0400"
"screenshots/nmap_ping_sweep_20251027_1027.png","5937cc978e50069c7640d37f90a34b5db442f589f8d14d329336a45aa1641157","165323","2025-10-27 10:27:46.065694691 -0400"
"screenshots/zap_quick_10.10.10.15_20251027_1027.png","91137ce556e3fafc0d785aea7d20d63dd9b3894a8bcd33e8ad9ee668d816cfa3","164451","2025-10-27 10:30:40.997125424 -0400"
